id;stratum;population_stratum;sample_stratum;weight;reviewer_1;reviewer_2;document_url;document_date;truth;decision;reason;status
800.182/2012;estrategico|conflito|apto;177;8;22.125;;;;;;;;pendente
800.570/2009;estrategico|conflito|apto;177;8;22.125;;;;;;;;pendente
800.209/2011;estrategico|conflito|apto;177;8;22.125;;;;;;;;pendente
800.466/2011;estrategico|conflito|apto;177;8;22.125;;;;;;;;pendente
800.560/2012;estrategico|conflito|apto;177;8;22.125;;;;;;;;pendente
871.023/2003;estrategico|conflito|apto;177;8;22.125;;;;;;;;pendente
800.552/2013;estrategico|conflito|apto;177;8;22.125;;;;;;;;pendente
800.305/2010;estrategico|conflito|apto;177;8;22.125;;;;;;;;pendente
868.132/2023;estrategico|sem_conflito|apto;5260;68;77.3529411764706;;;;;;;;pendente
866.467/2018;estrategico|sem_conflito|apto;5260;68;77.3529411764706;;;;;;;;pendente
830.236/2014;estrategico|sem_conflito|apto;5260;68;77.3529411764706;;;;;;;;pendente
860.829/2018;estrategico|sem_conflito|apto;5260;68;77.3529411764706;;;;;;;;pendente
884.138/2015;estrategico|sem_conflito|apto;5260;68;77.3529411764706;;;;;;;;pendente
867.293/2010;estrategico|sem_conflito|apto;5260;68;77.3529411764706;;;;;;;;pendente
870.514/2018;estrategico|sem_conflito|apto;5260;68;77.3529411764706;;;;;;;;pendente
866.605/2017;estrategico|sem_conflito|apto;5260;68;77.3529411764706;;;;;;;;pendente
870.200/2017;estrategico|sem_conflito|apto;5260;68;77.3529411764706;;;;;;;;pendente
868.220/2019;estrategico|sem_conflito|apto;5260;68;77.3529411764706;;;;;;;;pendente
884.061/2005;estrategico|sem_conflito|apto;5260;68;77.3529411764706;;;;;;;;pendente
830.165/2023;estrategico|sem_conflito|apto;5260;68;77.3529411764706;;;;;;;;pendente
884.024/2006;estrategico|sem_conflito|apto;5260;68;77.3529411764706;;;;;;;;pendente
866.048/2019;estrategico|sem_conflito|apto;5260;68;77.3529411764706;;;;;;;;pendente
850.122/2012;estrategico|sem_conflito|apto;5260;68;77.3529411764706;;;;;;;;pendente
851.642/2011;estrategico|sem_conflito|apto;5260;68;77.3529411764706;;;;;;;;pendente
830.706/2005;estrategico|sem_conflito|apto;5260;68;77.3529411764706;;;;;;;;pendente
886.150/2016;estrategico|sem_conflito|apto;5260;68;77.3529411764706;;;;;;;;pendente
810.798/2024;estrategico|sem_conflito|apto;5260;68;77.3529411764706;;;;;;;;pendente
848.317/2012;estrategico|sem_conflito|apto;5260;68;77.3529411764706;;;;;;;;pendente
871.367/2019;estrategico|sem_conflito|apto;5260;68;77.3529411764706;;;;;;;;pendente
846.104/2013;estrategico|sem_conflito|apto;5260;68;77.3529411764706;;;;;;;;pendente
850.646/2003;estrategico|sem_conflito|apto;5260;68;77.3529411764706;;;;;;;;pendente
871.126/2016;estrategico|sem_conflito|apto;5260;68;77.3529411764706;;;;;;;;pendente
860.978/2021;estrategico|sem_conflito|apto;5260;68;77.3529411764706;;;;;;;;pendente
810.468/2010;estrategico|sem_conflito|apto;5260;68;77.3529411764706;;;;;;;;pendente
884.067/2015;estrategico|sem_conflito|apto;5260;68;77.3529411764706;;;;;;;;pendente
871.219/2017;estrategico|sem_conflito|apto;5260;68;77.3529411764706;;;;;;;;pendente
840.136/2011;estrategico|sem_conflito|apto;5260;68;77.3529411764706;;;;;;;;pendente
806.277/2012;estrategico|sem_conflito|apto;5260;68;77.3529411764706;;;;;;;;pendente
860.860/2014;estrategico|sem_conflito|apto;5260;68;77.3529411764706;;;;;;;;pendente
870.789/2020;estrategico|sem_conflito|apto;5260;68;77.3529411764706;;;;;;;;pendente
860.360/2019;estrategico|sem_conflito|apto;5260;68;77.3529411764706;;;;;;;;pendente
840.189/2016;estrategico|sem_conflito|apto;5260;68;77.3529411764706;;;;;;;;pendente
866.385/2018;estrategico|sem_conflito|apto;5260;68;77.3529411764706;;;;;;;;pendente
830.697/2012;estrategico|sem_conflito|apto;5260;68;77.3529411764706;;;;;;;;pendente
850.571/2003;estrategico|sem_conflito|apto;5260;68;77.3529411764706;;;;;;;;pendente
870.189/2017;estrategico|sem_conflito|apto;5260;68;77.3529411764706;;;;;;;;pendente
880.306/2013;estrategico|sem_conflito|apto;5260;68;77.3529411764706;;;;;;;;pendente
821.141/2014;estrategico|sem_conflito|apto;5260;68;77.3529411764706;;;;;;;;pendente
870.651/2019;estrategico|sem_conflito|apto;5260;68;77.3529411764706;;;;;;;;pendente
884.055/2009;estrategico|sem_conflito|apto;5260;68;77.3529411764706;;;;;;;;pendente
870.209/2015;estrategico|sem_conflito|apto;5260;68;77.3529411764706;;;;;;;;pendente
848.231/2012;estrategico|sem_conflito|apto;5260;68;77.3529411764706;;;;;;;;pendente
880.092/2018;estrategico|sem_conflito|apto;5260;68;77.3529411764706;;;;;;;;pendente
831.709/2012;estrategico|sem_conflito|apto;5260;68;77.3529411764706;;;;;;;;pendente
886.452/2013;estrategico|sem_conflito|apto;5260;68;77.3529411764706;;;;;;;;pendente
827.063/2013;estrategico|sem_conflito|apto;5260;68;77.3529411764706;;;;;;;;pendente
850.708/2015;estrategico|sem_conflito|apto;5260;68;77.3529411764706;;;;;;;;pendente
810.298/2020;estrategico|sem_conflito|apto;5260;68;77.3529411764706;;;;;;;;pendente
834.101/2012;estrategico|sem_conflito|apto;5260;68;77.3529411764706;;;;;;;;pendente
864.840/2008;estrategico|sem_conflito|apto;5260;68;77.3529411764706;;;;;;;;pendente
871.361/2019;estrategico|sem_conflito|apto;5260;68;77.3529411764706;;;;;;;;pendente
848.541/2010;estrategico|sem_conflito|apto;5260;68;77.3529411764706;;;;;;;;pendente
866.943/2020;estrategico|sem_conflito|apto;5260;68;77.3529411764706;;;;;;;;pendente
872.689/2010;estrategico|sem_conflito|apto;5260;68;77.3529411764706;;;;;;;;pendente
831.647/2004;estrategico|sem_conflito|apto;5260;68;77.3529411764706;;;;;;;;pendente
868.172/2018;estrategico|sem_conflito|apto;5260;68;77.3529411764706;;;;;;;;pendente
866.768/2014;estrategico|sem_conflito|apto;5260;68;77.3529411764706;;;;;;;;pendente
886.485/2011;estrategico|sem_conflito|apto;5260;68;77.3529411764706;;;;;;;;pendente
886.171/2016;estrategico|sem_conflito|apto;5260;68;77.3529411764706;;;;;;;;pendente
831.869/2021;estrategico|sem_conflito|apto;5260;68;77.3529411764706;;;;;;;;pendente
866.215/2017;estrategico|sem_conflito|apto;5260;68;77.3529411764706;;;;;;;;pendente
850.049/2017;estrategico|sem_conflito|apto;5260;68;77.3529411764706;;;;;;;;pendente
866.570/2018;estrategico|sem_conflito|apto;5260;68;77.3529411764706;;;;;;;;pendente
830.424/2006;estrategico|sem_conflito|apto;5260;68;77.3529411764706;;;;;;;;pendente
866.714/2021;estrategico|sem_conflito|apto;5260;68;77.3529411764706;;;;;;;;pendente
831.804/1989;estrategico|sem_conflito|apto;5260;68;77.3529411764706;;;;;;;;pendente
858.091/2010;estrategico|sem_conflito|somente_scm;1742;23;75.73913043478261;;;;;;;;pendente
830.637/2010;estrategico|sem_conflito|somente_scm;1742;23;75.73913043478261;;;;;;;;pendente
831.225/2002;estrategico|sem_conflito|somente_scm;1742;23;75.73913043478261;;;;;;;;pendente
830.061/1989;estrategico|sem_conflito|somente_scm;1742;23;75.73913043478261;;;;;;;;pendente
886.004/1997;estrategico|sem_conflito|somente_scm;1742;23;75.73913043478261;;;;;;;;pendente
832.482/2012;estrategico|sem_conflito|somente_scm;1742;23;75.73913043478261;;;;;;;;pendente
803.069/2019;estrategico|sem_conflito|somente_scm;1742;23;75.73913043478261;;;;;;;;pendente
803.281/1974;estrategico|sem_conflito|somente_scm;1742;23;75.73913043478261;;;;;;;;pendente
831.095/2010;estrategico|sem_conflito|somente_scm;1742;23;75.73913043478261;;;;;;;;pendente
870.723/2012;estrategico|sem_conflito|somente_scm;1742;23;75.73913043478261;;;;;;;;pendente
831.798/2013;estrategico|sem_conflito|somente_scm;1742;23;75.73913043478261;;;;;;;;pendente
846.073/2011;estrategico|sem_conflito|somente_scm;1742;23;75.73913043478261;;;;;;;;pendente
850.079/2013;estrategico|sem_conflito|somente_scm;1742;23;75.73913043478261;;;;;;;;pendente
880.181/2014;estrategico|sem_conflito|somente_scm;1742;23;75.73913043478261;;;;;;;;pendente
803.184/2018;estrategico|sem_conflito|somente_scm;1742;23;75.73913043478261;;;;;;;;pendente
830.998/2007;estrategico|sem_conflito|somente_scm;1742;23;75.73913043478261;;;;;;;;pendente
840.028/2021;estrategico|sem_conflito|somente_scm;1742;23;75.73913043478261;;;;;;;;pendente
753.042/1996;estrategico|sem_conflito|somente_scm;1742;23;75.73913043478261;;;;;;;;pendente
800.009/2006;estrategico|sem_conflito|somente_scm;1742;23;75.73913043478261;;;;;;;;pendente
753.131/1996;estrategico|sem_conflito|somente_scm;1742;23;75.73913043478261;;;;;;;;pendente
830.334/2019;estrategico|sem_conflito|somente_scm;1742;23;75.73913043478261;;;;;;;;pendente
861.124/2015;estrategico|sem_conflito|somente_scm;1742;23;75.73913043478261;;;;;;;;pendente
834.330/2011;estrategico|sem_conflito|somente_scm;1742;23;75.73913043478261;;;;;;;;pendente
821.218/2011;outro|conflito|apto;251;8;31.375;;;;;;;;pendente
820.563/2010;outro|conflito|apto;251;8;31.375;;;;;;;;pendente
826.033/2013;outro|conflito|apto;251;8;31.375;;;;;;;;pendente
886.058/2014;outro|conflito|apto;251;8;31.375;;;;;;;;pendente
815.523/2015;outro|conflito|apto;251;8;31.375;;;;;;;;pendente
800.053/2012;outro|conflito|apto;251;8;31.375;;;;;;;;pendente
821.002/2014;outro|conflito|apto;251;8;31.375;;;;;;;;pendente
890.244/2008;outro|conflito|apto;251;8;31.375;;;;;;;;pendente
840.182/2004;outro|sem_conflito|apto;12608;163;77.34969325153374;;;;;;;;pendente
300.354/2021;outro|sem_conflito|apto;12608;163;77.34969325153374;;;;;;;;pendente
811.414/2013;outro|sem_conflito|apto;12608;163;77.34969325153374;;;;;;;;pendente
866.839/2016;outro|sem_conflito|apto;12608;163;77.34969325153374;;;;;;;;pendente
896.585/2013;outro|sem_conflito|apto;12608;163;77.34969325153374;;;;;;;;pendente
811.725/2015;outro|sem_conflito|apto;12608;163;77.34969325153374;;;;;;;;pendente
810.684/2009;outro|sem_conflito|apto;12608;163;77.34969325153374;;;;;;;;pendente
301.225/2016;outro|sem_conflito|apto;12608;163;77.34969325153374;;;;;;;;pendente
810.517/2011;outro|sem_conflito|apto;12608;163;77.34969325153374;;;;;;;;pendente
820.820/2009;outro|sem_conflito|apto;12608;163;77.34969325153374;;;;;;;;pendente
896.679/2005;outro|sem_conflito|apto;12608;163;77.34969325153374;;;;;;;;pendente
811.006/2015;outro|sem_conflito|apto;12608;163;77.34969325153374;;;;;;;;pendente
810.665/2010;outro|sem_conflito|apto;12608;163;77.34969325153374;;;;;;;;pendente
810.193/2012;outro|sem_conflito|apto;12608;163;77.34969325153374;;;;;;;;pendente
300.161/2021;outro|sem_conflito|apto;12608;163;77.34969325153374;;;;;;;;pendente
821.410/2013;outro|sem_conflito|apto;12608;163;77.34969325153374;;;;;;;;pendente
820.104/2011;outro|sem_conflito|apto;12608;163;77.34969325153374;;;;;;;;pendente
300.754/2018;outro|sem_conflito|apto;12608;163;77.34969325153374;;;;;;;;pendente
303.090/2017;outro|sem_conflito|apto;12608;163;77.34969325153374;;;;;;;;pendente
850.676/2013;outro|sem_conflito|apto;12608;163;77.34969325153374;;;;;;;;pendente
303.335/2018;outro|sem_conflito|apto;12608;163;77.34969325153374;;;;;;;;pendente
300.647/2020;outro|sem_conflito|apto;12608;163;77.34969325153374;;;;;;;;pendente
810.457/2019;outro|sem_conflito|apto;12608;163;77.34969325153374;;;;;;;;pendente
846.135/2020;outro|sem_conflito|apto;12608;163;77.34969325153374;;;;;;;;pendente
890.357/2013;outro|sem_conflito|apto;12608;163;77.34969325153374;;;;;;;;pendente
871.178/2016;outro|sem_conflito|apto;12608;163;77.34969325153374;;;;;;;;pendente
820.280/2015;outro|sem_conflito|apto;12608;163;77.34969325153374;;;;;;;;pendente
832.096/2015;outro|sem_conflito|apto;12608;163;77.34969325153374;;;;;;;;pendente
810.732/2016;outro|sem_conflito|apto;12608;163;77.34969325153374;;;;;;;;pendente
810.232/2017;outro|sem_conflito|apto;12608;163;77.34969325153374;;;;;;;;pendente
890.437/2014;outro|sem_conflito|apto;12608;163;77.34969325153374;;;;;;;;pendente
815.436/2016;outro|sem_conflito|apto;12608;163;77.34969325153374;;;;;;;;pendente
300.287/2019;outro|sem_conflito|apto;12608;163;77.34969325153374;;;;;;;;pendente
300.862/2021;outro|sem_conflito|apto;12608;163;77.34969325153374;;;;;;;;pendente
896.654/2003;outro|sem_conflito|apto;12608;163;77.34969325153374;;;;;;;;pendente
300.645/2018;outro|sem_conflito|apto;12608;163;77.34969325153374;;;;;;;;pendente
868.026/2016;outro|sem_conflito|apto;12608;163;77.34969325153374;;;;;;;;pendente
300.445/2019;outro|sem_conflito|apto;12608;163;77.34969325153374;;;;;;;;pendente
300.878/2021;outro|sem_conflito|apto;12608;163;77.34969325153374;;;;;;;;pendente
300.966/2020;outro|sem_conflito|apto;12608;163;77.34969325153374;;;;;;;;pendente
300.890/2018;outro|sem_conflito|apto;12608;163;77.34969325153374;;;;;;;;pendente
896.114/2008;outro|sem_conflito|apto;12608;163;77.34969325153374;;;;;;;;pendente
811.014/2017;outro|sem_conflito|apto;12608;163;77.34969325153374;;;;;;;;pendente
810.354/2013;outro|sem_conflito|apto;12608;163;77.34969325153374;;;;;;;;pendente
803.074/2018;outro|sem_conflito|apto;12608;163;77.34969325153374;;;;;;;;pendente
810.075/2019;outro|sem_conflito|apto;12608;163;77.34969325153374;;;;;;;;pendente
832.316/2011;outro|sem_conflito|apto;12608;163;77.34969325153374;;;;;;;;pendente
831.435/2015;outro|sem_conflito|apto;12608;163;77.34969325153374;;;;;;;;pendente
867.300/2017;outro|sem_conflito|apto;12608;163;77.34969325153374;;;;;;;;pendente
821.278/2013;outro|sem_conflito|apto;12608;163;77.34969325153374;;;;;;;;pendente
896.486/2014;outro|sem_conflito|apto;12608;163;77.34969325153374;;;;;;;;pendente
810.409/2011;outro|sem_conflito|apto;12608;163;77.34969325153374;;;;;;;;pendente
300.943/2020;outro|sem_conflito|apto;12608;163;77.34969325153374;;;;;;;;pendente
868.294/2016;outro|sem_conflito|apto;12608;163;77.34969325153374;;;;;;;;pendente
890.398/2015;outro|sem_conflito|apto;12608;163;77.34969325153374;;;;;;;;pendente
871.180/2016;outro|sem_conflito|apto;12608;163;77.34969325153374;;;;;;;;pendente
810.478/2017;outro|sem_conflito|apto;12608;163;77.34969325153374;;;;;;;;pendente
810.956/2015;outro|sem_conflito|apto;12608;163;77.34969325153374;;;;;;;;pendente
811.603/2014;outro|sem_conflito|apto;12608;163;77.34969325153374;;;;;;;;pendente
840.014/2017;outro|sem_conflito|apto;12608;163;77.34969325153374;;;;;;;;pendente
820.133/2016;outro|sem_conflito|apto;12608;163;77.34969325153374;;;;;;;;pendente
890.281/2010;outro|sem_conflito|apto;12608;163;77.34969325153374;;;;;;;;pendente
300.661/2021;outro|sem_conflito|apto;12608;163;77.34969325153374;;;;;;;;pendente
811.180/2017;outro|sem_conflito|apto;12608;163;77.34969325153374;;;;;;;;pendente
890.204/2018;outro|sem_conflito|apto;12608;163;77.34969325153374;;;;;;;;pendente
811.410/2016;outro|sem_conflito|apto;12608;163;77.34969325153374;;;;;;;;pendente
300.524/2022;outro|sem_conflito|apto;12608;163;77.34969325153374;;;;;;;;pendente
831.557/2014;outro|sem_conflito|apto;12608;163;77.34969325153374;;;;;;;;pendente
831.376/2000;outro|sem_conflito|apto;12608;163;77.34969325153374;;;;;;;;pendente
810.744/2022;outro|sem_conflito|apto;12608;163;77.34969325153374;;;;;;;;pendente
301.110/2020;outro|sem_conflito|apto;12608;163;77.34969325153374;;;;;;;;pendente
861.421/2014;outro|sem_conflito|apto;12608;163;77.34969325153374;;;;;;;;pendente
832.617/2014;outro|sem_conflito|apto;12608;163;77.34969325153374;;;;;;;;pendente
300.935/2019;outro|sem_conflito|apto;12608;163;77.34969325153374;;;;;;;;pendente
810.776/2020;outro|sem_conflito|apto;12608;163;77.34969325153374;;;;;;;;pendente
811.087/2017;outro|sem_conflito|apto;12608;163;77.34969325153374;;;;;;;;pendente
870.770/2018;outro|sem_conflito|apto;12608;163;77.34969325153374;;;;;;;;pendente
301.063/2024;outro|sem_conflito|apto;12608;163;77.34969325153374;;;;;;;;pendente
810.897/2011;outro|sem_conflito|apto;12608;163;77.34969325153374;;;;;;;;pendente
810.276/2014;outro|sem_conflito|apto;12608;163;77.34969325153374;;;;;;;;pendente
810.429/2017;outro|sem_conflito|apto;12608;163;77.34969325153374;;;;;;;;pendente
810.148/2011;outro|sem_conflito|apto;12608;163;77.34969325153374;;;;;;;;pendente
300.116/2019;outro|sem_conflito|apto;12608;163;77.34969325153374;;;;;;;;pendente
826.290/2016;outro|sem_conflito|apto;12608;163;77.34969325153374;;;;;;;;pendente
831.399/2014;outro|sem_conflito|apto;12608;163;77.34969325153374;;;;;;;;pendente
820.085/2018;outro|sem_conflito|apto;12608;163;77.34969325153374;;;;;;;;pendente
870.049/2018;outro|sem_conflito|apto;12608;163;77.34969325153374;;;;;;;;pendente
300.699/2020;outro|sem_conflito|apto;12608;163;77.34969325153374;;;;;;;;pendente
300.916/2012;outro|sem_conflito|apto;12608;163;77.34969325153374;;;;;;;;pendente
840.263/2014;outro|sem_conflito|apto;12608;163;77.34969325153374;;;;;;;;pendente
810.731/2020;outro|sem_conflito|apto;12608;163;77.34969325153374;;;;;;;;pendente
810.040/2022;outro|sem_conflito|apto;12608;163;77.34969325153374;;;;;;;;pendente
810.181/2020;outro|sem_conflito|apto;12608;163;77.34969325153374;;;;;;;;pendente
300.789/2022;outro|sem_conflito|apto;12608;163;77.34969325153374;;;;;;;;pendente
810.041/2016;outro|sem_conflito|apto;12608;163;77.34969325153374;;;;;;;;pendente
896.101/2011;outro|sem_conflito|apto;12608;163;77.34969325153374;;;;;;;;pendente
800.086/2011;outro|sem_conflito|apto;12608;163;77.34969325153374;;;;;;;;pendente
850.262/2018;outro|sem_conflito|apto;12608;163;77.34969325153374;;;;;;;;pendente
810.249/2010;outro|sem_conflito|apto;12608;163;77.34969325153374;;;;;;;;pendente
868.234/2003;outro|sem_conflito|apto;12608;163;77.34969325153374;;;;;;;;pendente
810.198/2012;outro|sem_conflito|apto;12608;163;77.34969325153374;;;;;;;;pendente
300.961/2012;outro|sem_conflito|apto;12608;163;77.34969325153374;;;;;;;;pendente
826.383/2017;outro|sem_conflito|apto;12608;163;77.34969325153374;;;;;;;;pendente
896.101/2014;outro|sem_conflito|apto;12608;163;77.34969325153374;;;;;;;;pendente
810.087/2018;outro|sem_conflito|apto;12608;163;77.34969325153374;;;;;;;;pendente
300.151/2017;outro|sem_conflito|apto;12608;163;77.34969325153374;;;;;;;;pendente
810.871/2014;outro|sem_conflito|apto;12608;163;77.34969325153374;;;;;;;;pendente
810.259/2023;outro|sem_conflito|apto;12608;163;77.34969325153374;;;;;;;;pendente
810.931/2015;outro|sem_conflito|apto;12608;163;77.34969325153374;;;;;;;;pendente
848.285/2018;outro|sem_conflito|apto;12608;163;77.34969325153374;;;;;;;;pendente
810.836/2012;outro|sem_conflito|apto;12608;163;77.34969325153374;;;;;;;;pendente
810.088/2002;outro|sem_conflito|apto;12608;163;77.34969325153374;;;;;;;;pendente
300.719/2018;outro|sem_conflito|apto;12608;163;77.34969325153374;;;;;;;;pendente
300.141/2019;outro|sem_conflito|apto;12608;163;77.34969325153374;;;;;;;;pendente
300.423/2019;outro|sem_conflito|apto;12608;163;77.34969325153374;;;;;;;;pendente
806.251/2013;outro|sem_conflito|apto;12608;163;77.34969325153374;;;;;;;;pendente
890.057/1982;outro|sem_conflito|apto;12608;163;77.34969325153374;;;;;;;;pendente
810.151/2015;outro|sem_conflito|apto;12608;163;77.34969325153374;;;;;;;;pendente
810.500/2022;outro|sem_conflito|apto;12608;163;77.34969325153374;;;;;;;;pendente
300.873/2026;outro|sem_conflito|apto;12608;163;77.34969325153374;;;;;;;;pendente
870.240/2016;outro|sem_conflito|apto;12608;163;77.34969325153374;;;;;;;;pendente
810.996/2017;outro|sem_conflito|apto;12608;163;77.34969325153374;;;;;;;;pendente
826.438/2017;outro|sem_conflito|apto;12608;163;77.34969325153374;;;;;;;;pendente
896.566/2014;outro|sem_conflito|apto;12608;163;77.34969325153374;;;;;;;;pendente
820.006/2018;outro|sem_conflito|apto;12608;163;77.34969325153374;;;;;;;;pendente
820.773/2015;outro|sem_conflito|apto;12608;163;77.34969325153374;;;;;;;;pendente
810.753/2015;outro|sem_conflito|apto;12608;163;77.34969325153374;;;;;;;;pendente
826.099/2022;outro|sem_conflito|apto;12608;163;77.34969325153374;;;;;;;;pendente
810.225/2012;outro|sem_conflito|apto;12608;163;77.34969325153374;;;;;;;;pendente
840.010/2021;outro|sem_conflito|apto;12608;163;77.34969325153374;;;;;;;;pendente
871.263/2019;outro|sem_conflito|apto;12608;163;77.34969325153374;;;;;;;;pendente
810.299/2015;outro|sem_conflito|apto;12608;163;77.34969325153374;;;;;;;;pendente
811.721/2015;outro|sem_conflito|apto;12608;163;77.34969325153374;;;;;;;;pendente
300.383/2020;outro|sem_conflito|apto;12608;163;77.34969325153374;;;;;;;;pendente
860.930/2012;outro|sem_conflito|apto;12608;163;77.34969325153374;;;;;;;;pendente
300.715/2021;outro|sem_conflito|apto;12608;163;77.34969325153374;;;;;;;;pendente
301.312/2022;outro|sem_conflito|apto;12608;163;77.34969325153374;;;;;;;;pendente
896.729/2011;outro|sem_conflito|apto;12608;163;77.34969325153374;;;;;;;;pendente
846.165/2016;outro|sem_conflito|apto;12608;163;77.34969325153374;;;;;;;;pendente
810.585/2019;outro|sem_conflito|apto;12608;163;77.34969325153374;;;;;;;;pendente
810.705/2016;outro|sem_conflito|apto;12608;163;77.34969325153374;;;;;;;;pendente
300.185/2019;outro|sem_conflito|apto;12608;163;77.34969325153374;;;;;;;;pendente
846.090/2009;outro|sem_conflito|apto;12608;163;77.34969325153374;;;;;;;;pendente
810.663/2012;outro|sem_conflito|apto;12608;163;77.34969325153374;;;;;;;;pendente
846.095/2022;outro|sem_conflito|apto;12608;163;77.34969325153374;;;;;;;;pendente
300.505/2022;outro|sem_conflito|apto;12608;163;77.34969325153374;;;;;;;;pendente
820.642/2007;outro|sem_conflito|apto;12608;163;77.34969325153374;;;;;;;;pendente
800.460/2016;outro|sem_conflito|apto;12608;163;77.34969325153374;;;;;;;;pendente
300.092/2020;outro|sem_conflito|apto;12608;163;77.34969325153374;;;;;;;;pendente
886.254/2013;outro|sem_conflito|apto;12608;163;77.34969325153374;;;;;;;;pendente
811.277/2014;outro|sem_conflito|apto;12608;163;77.34969325153374;;;;;;;;pendente
820.520/2016;outro|sem_conflito|apto;12608;163;77.34969325153374;;;;;;;;pendente
870.442/2019;outro|sem_conflito|apto;12608;163;77.34969325153374;;;;;;;;pendente
868.047/2018;outro|sem_conflito|apto;12608;163;77.34969325153374;;;;;;;;pendente
866.685/2018;outro|sem_conflito|apto;12608;163;77.34969325153374;;;;;;;;pendente
811.257/2021;outro|sem_conflito|apto;12608;163;77.34969325153374;;;;;;;;pendente
810.430/2017;outro|sem_conflito|apto;12608;163;77.34969325153374;;;;;;;;pendente
811.503/2011;outro|sem_conflito|apto;12608;163;77.34969325153374;;;;;;;;pendente
896.044/2014;outro|sem_conflito|apto;12608;163;77.34969325153374;;;;;;;;pendente
820.978/2012;outro|sem_conflito|apto;12608;163;77.34969325153374;;;;;;;;pendente
810.784/2009;outro|sem_conflito|apto;12608;163;77.34969325153374;;;;;;;;pendente
800.618/2016;outro|sem_conflito|apto;12608;163;77.34969325153374;;;;;;;;pendente
810.654/2021;outro|sem_conflito|apto;12608;163;77.34969325153374;;;;;;;;pendente
300.940/2022;outro|sem_conflito|somente_scm;10823;140;77.30714285714286;;;;;;;;pendente
302.613/2015;outro|sem_conflito|somente_scm;10823;140;77.30714285714286;;;;;;;;pendente
300.092/2023;outro|sem_conflito|somente_scm;10823;140;77.30714285714286;;;;;;;;pendente
300.964/2025;outro|sem_conflito|somente_scm;10823;140;77.30714285714286;;;;;;;;pendente
300.042/2022;outro|sem_conflito|somente_scm;10823;140;77.30714285714286;;;;;;;;pendente
301.008/2026;outro|sem_conflito|somente_scm;10823;140;77.30714285714286;;;;;;;;pendente
890.937/2012;outro|sem_conflito|somente_scm;10823;140;77.30714285714286;;;;;;;;pendente
871.516/2012;outro|sem_conflito|somente_scm;10823;140;77.30714285714286;;;;;;;;pendente
300.301/2016;outro|sem_conflito|somente_scm;10823;140;77.30714285714286;;;;;;;;pendente
300.847/2010;outro|sem_conflito|somente_scm;10823;140;77.30714285714286;;;;;;;;pendente
300.276/2024;outro|sem_conflito|somente_scm;10823;140;77.30714285714286;;;;;;;;pendente
302.218/2015;outro|sem_conflito|somente_scm;10823;140;77.30714285714286;;;;;;;;pendente
300.023/2022;outro|sem_conflito|somente_scm;10823;140;77.30714285714286;;;;;;;;pendente
300.733/2009;outro|sem_conflito|somente_scm;10823;140;77.30714285714286;;;;;;;;pendente
300.431/2024;outro|sem_conflito|somente_scm;10823;140;77.30714285714286;;;;;;;;pendente
303.313/2018;outro|sem_conflito|somente_scm;10823;140;77.30714285714286;;;;;;;;pendente
300.685/2023;outro|sem_conflito|somente_scm;10823;140;77.30714285714286;;;;;;;;pendente
300.997/2011;outro|sem_conflito|somente_scm;10823;140;77.30714285714286;;;;;;;;pendente
300.925/2026;outro|sem_conflito|somente_scm;10823;140;77.30714285714286;;;;;;;;pendente
300.370/2023;outro|sem_conflito|somente_scm;10823;140;77.30714285714286;;;;;;;;pendente
300.710/2020;outro|sem_conflito|somente_scm;10823;140;77.30714285714286;;;;;;;;pendente
300.278/2021;outro|sem_conflito|somente_scm;10823;140;77.30714285714286;;;;;;;;pendente
834.157/2008;outro|sem_conflito|somente_scm;10823;140;77.30714285714286;;;;;;;;pendente
302.404/2015;outro|sem_conflito|somente_scm;10823;140;77.30714285714286;;;;;;;;pendente
300.082/2018;outro|sem_conflito|somente_scm;10823;140;77.30714285714286;;;;;;;;pendente
300.593/2026;outro|sem_conflito|somente_scm;10823;140;77.30714285714286;;;;;;;;pendente
800.016/2021;outro|sem_conflito|somente_scm;10823;140;77.30714285714286;;;;;;;;pendente
300.071/2009;outro|sem_conflito|somente_scm;10823;140;77.30714285714286;;;;;;;;pendente
300.004/2017;outro|sem_conflito|somente_scm;10823;140;77.30714285714286;;;;;;;;pendente
301.284/2022;outro|sem_conflito|somente_scm;10823;140;77.30714285714286;;;;;;;;pendente
300.007/2024;outro|sem_conflito|somente_scm;10823;140;77.30714285714286;;;;;;;;pendente
301.218/2020;outro|sem_conflito|somente_scm;10823;140;77.30714285714286;;;;;;;;pendente
860.112/2019;outro|sem_conflito|somente_scm;10823;140;77.30714285714286;;;;;;;;pendente
300.496/2012;outro|sem_conflito|somente_scm;10823;140;77.30714285714286;;;;;;;;pendente
300.814/2026;outro|sem_conflito|somente_scm;10823;140;77.30714285714286;;;;;;;;pendente
300.475/2023;outro|sem_conflito|somente_scm;10823;140;77.30714285714286;;;;;;;;pendente
890.227/2015;outro|sem_conflito|somente_scm;10823;140;77.30714285714286;;;;;;;;pendente
831.732/2004;outro|sem_conflito|somente_scm;10823;140;77.30714285714286;;;;;;;;pendente
300.726/2026;outro|sem_conflito|somente_scm;10823;140;77.30714285714286;;;;;;;;pendente
303.224/2018;outro|sem_conflito|somente_scm;10823;140;77.30714285714286;;;;;;;;pendente
302.076/2015;outro|sem_conflito|somente_scm;10823;140;77.30714285714286;;;;;;;;pendente
896.920/2006;outro|sem_conflito|somente_scm;10823;140;77.30714285714286;;;;;;;;pendente
300.980/2021;outro|sem_conflito|somente_scm;10823;140;77.30714285714286;;;;;;;;pendente
300.884/2026;outro|sem_conflito|somente_scm;10823;140;77.30714285714286;;;;;;;;pendente
300.002/2017;outro|sem_conflito|somente_scm;10823;140;77.30714285714286;;;;;;;;pendente
830.048/2010;outro|sem_conflito|somente_scm;10823;140;77.30714285714286;;;;;;;;pendente
820.400/1983;outro|sem_conflito|somente_scm;10823;140;77.30714285714286;;;;;;;;pendente
300.628/2010;outro|sem_conflito|somente_scm;10823;140;77.30714285714286;;;;;;;;pendente
301.202/2020;outro|sem_conflito|somente_scm;10823;140;77.30714285714286;;;;;;;;pendente
300.850/2011;outro|sem_conflito|somente_scm;10823;140;77.30714285714286;;;;;;;;pendente
301.194/2025;outro|sem_conflito|somente_scm;10823;140;77.30714285714286;;;;;;;;pendente
300.755/2017;outro|sem_conflito|somente_scm;10823;140;77.30714285714286;;;;;;;;pendente
300.069/2020;outro|sem_conflito|somente_scm;10823;140;77.30714285714286;;;;;;;;pendente
831.580/1989;outro|sem_conflito|somente_scm;10823;140;77.30714285714286;;;;;;;;pendente
800.936/1976;outro|sem_conflito|somente_scm;10823;140;77.30714285714286;;;;;;;;pendente
300.463/2012;outro|sem_conflito|somente_scm;10823;140;77.30714285714286;;;;;;;;pendente
300.387/2021;outro|sem_conflito|somente_scm;10823;140;77.30714285714286;;;;;;;;pendente
300.844/2026;outro|sem_conflito|somente_scm;10823;140;77.30714285714286;;;;;;;;pendente
300.407/2010;outro|sem_conflito|somente_scm;10823;140;77.30714285714286;;;;;;;;pendente
300.770/2012;outro|sem_conflito|somente_scm;10823;140;77.30714285714286;;;;;;;;pendente
300.271/2018;outro|sem_conflito|somente_scm;10823;140;77.30714285714286;;;;;;;;pendente
302.112/2015;outro|sem_conflito|somente_scm;10823;140;77.30714285714286;;;;;;;;pendente
831.768/2015;outro|sem_conflito|somente_scm;10823;140;77.30714285714286;;;;;;;;pendente
300.160/2024;outro|sem_conflito|somente_scm;10823;140;77.30714285714286;;;;;;;;pendente
300.249/2026;outro|sem_conflito|somente_scm;10823;140;77.30714285714286;;;;;;;;pendente
302.795/2015;outro|sem_conflito|somente_scm;10823;140;77.30714285714286;;;;;;;;pendente
300.672/2026;outro|sem_conflito|somente_scm;10823;140;77.30714285714286;;;;;;;;pendente
871.373/2016;outro|sem_conflito|somente_scm;10823;140;77.30714285714286;;;;;;;;pendente
300.481/2025;outro|sem_conflito|somente_scm;10823;140;77.30714285714286;;;;;;;;pendente
300.675/2023;outro|sem_conflito|somente_scm;10823;140;77.30714285714286;;;;;;;;pendente
301.025/2022;outro|sem_conflito|somente_scm;10823;140;77.30714285714286;;;;;;;;pendente
871.513/1997;outro|sem_conflito|somente_scm;10823;140;77.30714285714286;;;;;;;;pendente
301.332/2020;outro|sem_conflito|somente_scm;10823;140;77.30714285714286;;;;;;;;pendente
800.141/2014;outro|sem_conflito|somente_scm;10823;140;77.30714285714286;;;;;;;;pendente
300.534/2024;outro|sem_conflito|somente_scm;10823;140;77.30714285714286;;;;;;;;pendente
300.020/2026;outro|sem_conflito|somente_scm;10823;140;77.30714285714286;;;;;;;;pendente
300.743/2026;outro|sem_conflito|somente_scm;10823;140;77.30714285714286;;;;;;;;pendente
832.914/2003;outro|sem_conflito|somente_scm;10823;140;77.30714285714286;;;;;;;;pendente
300.154/2014;outro|sem_conflito|somente_scm;10823;140;77.30714285714286;;;;;;;;pendente
834.607/2007;outro|sem_conflito|somente_scm;10823;140;77.30714285714286;;;;;;;;pendente
301.249/2010;outro|sem_conflito|somente_scm;10823;140;77.30714285714286;;;;;;;;pendente
300.363/2011;outro|sem_conflito|somente_scm;10823;140;77.30714285714286;;;;;;;;pendente
835.212/1993;outro|sem_conflito|somente_scm;10823;140;77.30714285714286;;;;;;;;pendente
830.438/1999;outro|sem_conflito|somente_scm;10823;140;77.30714285714286;;;;;;;;pendente
820.736/2010;outro|sem_conflito|somente_scm;10823;140;77.30714285714286;;;;;;;;pendente
300.943/2022;outro|sem_conflito|somente_scm;10823;140;77.30714285714286;;;;;;;;pendente
844.001/2019;outro|sem_conflito|somente_scm;10823;140;77.30714285714286;;;;;;;;pendente
300.905/2020;outro|sem_conflito|somente_scm;10823;140;77.30714285714286;;;;;;;;pendente
300.944/2026;outro|sem_conflito|somente_scm;10823;140;77.30714285714286;;;;;;;;pendente
301.137/2016;outro|sem_conflito|somente_scm;10823;140;77.30714285714286;;;;;;;;pendente
300.077/2023;outro|sem_conflito|somente_scm;10823;140;77.30714285714286;;;;;;;;pendente
300.299/2022;outro|sem_conflito|somente_scm;10823;140;77.30714285714286;;;;;;;;pendente
300.920/2021;outro|sem_conflito|somente_scm;10823;140;77.30714285714286;;;;;;;;pendente
300.907/2022;outro|sem_conflito|somente_scm;10823;140;77.30714285714286;;;;;;;;pendente
300.919/2025;outro|sem_conflito|somente_scm;10823;140;77.30714285714286;;;;;;;;pendente
832.245/2004;outro|sem_conflito|somente_scm;10823;140;77.30714285714286;;;;;;;;pendente
301.148/2016;outro|sem_conflito|somente_scm;10823;140;77.30714285714286;;;;;;;;pendente
301.321/2021;outro|sem_conflito|somente_scm;10823;140;77.30714285714286;;;;;;;;pendente
300.239/2024;outro|sem_conflito|somente_scm;10823;140;77.30714285714286;;;;;;;;pendente
300.190/2024;outro|sem_conflito|somente_scm;10823;140;77.30714285714286;;;;;;;;pendente
303.238/2017;outro|sem_conflito|somente_scm;10823;140;77.30714285714286;;;;;;;;pendente
831.041/2005;outro|sem_conflito|somente_scm;10823;140;77.30714285714286;;;;;;;;pendente
301.022/2016;outro|sem_conflito|somente_scm;10823;140;77.30714285714286;;;;;;;;pendente
300.970/2016;outro|sem_conflito|somente_scm;10823;140;77.30714285714286;;;;;;;;pendente
300.978/2019;outro|sem_conflito|somente_scm;10823;140;77.30714285714286;;;;;;;;pendente
300.459/2020;outro|sem_conflito|somente_scm;10823;140;77.30714285714286;;;;;;;;pendente
300.662/2017;outro|sem_conflito|somente_scm;10823;140;77.30714285714286;;;;;;;;pendente
300.040/2025;outro|sem_conflito|somente_scm;10823;140;77.30714285714286;;;;;;;;pendente
300.408/2022;outro|sem_conflito|somente_scm;10823;140;77.30714285714286;;;;;;;;pendente
301.249/2022;outro|sem_conflito|somente_scm;10823;140;77.30714285714286;;;;;;;;pendente
300.639/2018;outro|sem_conflito|somente_scm;10823;140;77.30714285714286;;;;;;;;pendente
300.793/2025;outro|sem_conflito|somente_scm;10823;140;77.30714285714286;;;;;;;;pendente
300.969/2012;outro|sem_conflito|somente_scm;10823;140;77.30714285714286;;;;;;;;pendente
304.104/2017;outro|sem_conflito|somente_scm;10823;140;77.30714285714286;;;;;;;;pendente
300.646/2026;outro|sem_conflito|somente_scm;10823;140;77.30714285714286;;;;;;;;pendente
300.318/2023;outro|sem_conflito|somente_scm;10823;140;77.30714285714286;;;;;;;;pendente
300.742/2014;outro|sem_conflito|somente_scm;10823;140;77.30714285714286;;;;;;;;pendente
300.531/2025;outro|sem_conflito|somente_scm;10823;140;77.30714285714286;;;;;;;;pendente
300.736/2026;outro|sem_conflito|somente_scm;10823;140;77.30714285714286;;;;;;;;pendente
301.050/2012;outro|sem_conflito|somente_scm;10823;140;77.30714285714286;;;;;;;;pendente
830.867/2015;outro|sem_conflito|somente_scm;10823;140;77.30714285714286;;;;;;;;pendente
301.109/2020;outro|sem_conflito|somente_scm;10823;140;77.30714285714286;;;;;;;;pendente
302.623/2015;outro|sem_conflito|somente_scm;10823;140;77.30714285714286;;;;;;;;pendente
300.103/2024;outro|sem_conflito|somente_scm;10823;140;77.30714285714286;;;;;;;;pendente
301.281/2022;outro|sem_conflito|somente_scm;10823;140;77.30714285714286;;;;;;;;pendente
300.550/2024;outro|sem_conflito|somente_scm;10823;140;77.30714285714286;;;;;;;;pendente
300.067/2024;outro|sem_conflito|somente_scm;10823;140;77.30714285714286;;;;;;;;pendente
302.217/2015;outro|sem_conflito|somente_scm;10823;140;77.30714285714286;;;;;;;;pendente
815.991/1973;outro|sem_conflito|somente_scm;10823;140;77.30714285714286;;;;;;;;pendente
300.212/2013;outro|sem_conflito|somente_scm;10823;140;77.30714285714286;;;;;;;;pendente
300.554/2025;outro|sem_conflito|somente_scm;10823;140;77.30714285714286;;;;;;;;pendente
300.099/2023;outro|sem_conflito|somente_scm;10823;140;77.30714285714286;;;;;;;;pendente
303.100/2018;outro|sem_conflito|somente_scm;10823;140;77.30714285714286;;;;;;;;pendente
300.180/2026;outro|sem_conflito|somente_scm;10823;140;77.30714285714286;;;;;;;;pendente
846.256/2002;outro|sem_conflito|somente_scm;10823;140;77.30714285714286;;;;;;;;pendente
300.020/2023;outro|sem_conflito|somente_scm;10823;140;77.30714285714286;;;;;;;;pendente
890.239/1986;outro|sem_conflito|somente_scm;10823;140;77.30714285714286;;;;;;;;pendente
300.924/2023;outro|sem_conflito|somente_scm;10823;140;77.30714285714286;;;;;;;;pendente
866.528/2020;outro|sem_conflito|somente_scm;10823;140;77.30714285714286;;;;;;;;pendente
300.306/2022;outro|sem_conflito|somente_scm;10823;140;77.30714285714286;;;;;;;;pendente
