original;mapped;notes
AGALMATOLITO;;
CALCÁRIO;;
CAULIM;;
Não se aplica;;
CASSITERITA;estanho;
MINÉRIO DE OURO;ouro;
SERPENTINITO;;
MINÉRIO DE MANGANÊS;manganês;
AREIA;;material silicoso não incluído automaticamente como silício
ARGILA;;
MÁRMORE;;
GRAFITA;grafita;
MINÉRIO DE FERRO;ferro;
QUARTZITO;;material silicoso não incluído automaticamente como silício
GRANITO;;
MOSCOVITA;;
QUARTZO;;material silicoso não incluído automaticamente como silício
TURMALINA;;
ÁGUA MARINHA;;
MINÉRIO DE COBRE;cobre;
FOSFATO;fosfato;
CALCÁRIO CALCÍTICO;;
DOLOMITO;;
CALCÁRIO DOLOMÍTICO;;
FELDSPATO;;
MINÉRIO DE BERÍLIO;;
MINÉRIO DE TÂNTALO;tântalo;
TRAQUITO;;
MINÉRIO DE ESTANHO;estanho;
NITRATO DE POTÁSSIO;potássio;
MINÉRIO DE PLATINA;platina;
CALCÁRIO INDUSTRIAL;;
SAIBRO;;
ILMENITA;titânio;
BERILO;;
COLUMBITA;nióbio;"columbita pode conter tântalo; apenas nióbio incluído"
TANTALITA;tântalo;"columbita pode conter tântalo; apenas nióbio incluído"
CITRINO;;
GRANADA;;
MINÉRIO DE NÍQUEL;níquel;
AMETISTA;;
MAGNESITA;;
DIATOMITO;;
MINÉRIO DE ZINCO;;
CASCALHO;;
DIAMANTE;;
GIPSITA;;
GNAISSE;;
BARITA;;
MINÉRIO DE TITÂNIO;titânio;
MANGANÊS;manganês;
DIABÁSIO;;
GALENA;;
MINÉRIO DE MOLIBDÊNIO;molibdênio;
RUTILO;titânio;
FOLHELHO ARGILOSO;;
BASALTO;;
ÁGUA MINERAL;;
TURFA;;
ARENITO;;
OURO;ouro;
CARVÃO;;
SIENITO;;
CARVÃO MINERAL;;
ARGILA REFRATÁRIA;;
SAPROPELITO;;
CALCEDÔNIA;;
OPALA;;
MINÉRIO DE CHUMBO;;
CONCHAS CALCÁRIAS;;
AREIA INDUSTRIAL;;material silicoso não incluído automaticamente como silício
RIÓLITO;;
ARGILITO;;material silicoso não incluído automaticamente como silício
FONÓLITO;;
QUARTZO INDUSTRIAL;;material silicoso não incluído automaticamente como silício
CROMITA;;
AREIA QUARTZOSA;;material silicoso não incluído automaticamente como silício
AREIA DE FUNDIÇÃO;;material silicoso não incluído automaticamente como silício
FLUORITA;;
ARGILA CAULÍNICA;;
SEIXOS ROLADOS;;
ROCHA BETUMINOSA;;
BAUXITA;alumínio;
CRISOBERILO;;
GRANITO ORNAMENTAL;;
FOLHELHO;;
FILITO;;
BENTONITA;;
TUNGSTÊNIO;tungstênio;
SILTITO;;
BASALTO P/ BRITA;;
MIGMATITO;;
DIAMANTE INDUSTRIAL;;
CALCITA;;
SIENITO ORNAMENTAL;;
MINÉRIO DE ALUMÍNIO;alumínio;
ARDÓSIA;;
ESTANHO;estanho;
NIÓBIO;nióbio;
TÂNTALO;tântalo;
DIORITO;;
ESTEATITO;;
ARCÓSIO;;
GABRO;;
HEMATITA;ferro;
SAPONITO;;
MINÉRIO DE LÍTIO;lítio;
ZINCO;;
QUARTZITO SERICITICO;;material silicoso não incluído automaticamente como silício
GNAISSE P/ BRITA;;
MINÉRIO DE NIÓBIO;nióbio;
SAIS DE POTÁSSIO;potássio;
CIANITA;;
MINÉRIO DE CROMO;;
MINÉRIO DE PRATA;;
GRANODIORITO;;
AMAZONITA;;
APATITA;fosfato;
PEGMATITO;;
MICA;;
MINÉRIO DE TUNGSTÊNIO;tungstênio;
XISTO;;
MINÉRIO DE ZIRCÔNIO;;
SCHEELITA;tungstênio;
TERRAS RARAS;terras raras;
MONAZITA;terras raras;
VERMICULITA;;
SALGEMA;;
COBRE;cobre;
CHUMBO;;
MINÉRIO DE COBALTO;cobalto;
ESMERALDA;;
CONGLOMERADO;;
MINÉRIO DE BISMUTO;;
ZIRCONITA;;
NÍQUEL;níquel;
MINÉRIO DE VANÁDIO;vanádio;
GRANULITO;;
PIRITA;;
QUARTZITO INDUSTRIAL;;material silicoso não incluído automaticamente como silício
OURO NATIVO;ouro;
SILVINITA;;
LATERITA;;
ROCHA PIROBETUMINOSA;;
CÉRIO;;
ZIRCÔNIO;;
ZIRCÃO;;
CHARNOQUITO;;
GRANITO P/ REVESTIMENTO;;
TITÂNIO;titânio;
TONALITO;;
CORÍNDON;;
ARGILA COMUM;;
ÁGUA POTÁVEL DE MESA;;
GEMA;;
RUBI;;
TALCO;;
FOLHELHO ARDOSIANO;;
DACITO;;
MINÉRIO DE HÁFNIO;;
MICAXISTO;;
FERRO;ferro;
ANDESITO;;
BORATOS;;
SAIS DE BROMO;;
SAIS DE IODO;;
TOPÁZIO;;
TITANITA;;material silicoso não incluído automaticamente como silício
MINÉRIO DE MAGNÉSIO;;
ENXOFRE;enxofre;
ATAPULGITA;;
VARVITO;;
SÍLEX;;
AREIA P/ VIDRO;;material silicoso não incluído automaticamente como silício
ARGILA P/CER. VERMELH;;
DIABÁSIO P/ BRITA;;
GNAISSE ORNAMENTAL;;
MINÉRIO DE SILÍCIO;silício;
BISMUTO;;
TELÚRIO;;
ARGILA BRANCA;;
BERÍLIO;;
SEIXOS;;material silicoso não incluído automaticamente como silício
PRATA;;
WOLLASTONITA;;
BAUXITA FOSFOROSA;alumínio;
ALEXANDRITA;;
AREIA COMUM;;material silicoso não incluído automaticamente como silício
ARGILA VERMELHA;;
SIENITO INDUSTRIAL;;
